Question,Answer
Darf das Konsortium nur aus Forschungseinrichtungen bestehen?,Bitte entnehmen Sie die Information zu den Antragsberechtigten der jeweiligen Förderbekanntmachung.
Darf ein Meeting im Ausland stattfinden?,"Dienen Projekttreffen im Ausland dem Erreichen des Vorhabenziels und kann begründet werden, weshalb diese im Ausland stattfinden müssen, können sie förderfähig sein. (Zuwendungsfähig sind Kosten oder …"
Darf ein/eine Antragsteller:in auch mehrere Anträge stellen?,"Es können von einer Rechtsperson gleichzeitig Anträge zu unterschiedlichen Förderbekanntmachungen eingereicht werden. Dabei ist sicher zu stellen, dass die vorhandenen Personalkapazitäten, sowie die …"
Darf eine Mittelanforderung für mehrere Monate erfolgen?,"Förderprojekte, die auf Ausgabenbasis gefördert werden haben mit der Zahlungsanforderung die Möglichkeit, neben den bereits entstandenen Ausgaben Schätzausgaben für die nächsten 6 Wochen abzurechnen …"
Darf ich das Formular online signieren?,Das Easy-Online Formular darf auch online signiert und eingereicht werden. Dabei muss es sich um eine qualifizierte elektronische Signatur handeln. Dafür ist ein Kartenlesegerät mit Softwaretreiber …
Darf öffentlich finanziertes Personal über das Projekt finanziert werden?,"Personalausgaben, die durch öffentliche Haushalte gedeckt sind, dürfen nicht über das Projekt beantragt/abgerechnet werden."
Dürfen Abschreibungskosten aufgeführt werden?,"Zuwendungsempfänger:innen, die auf Kostenbasis abrechnen, können Kosten für Abschreibungen auf ""vorhabenspezifische Anlagen"" in der Position 0847 beantragen. Zu beachten ist, dass es sich bei den …"
Dürfen Antragsteller:innen auf Ausgabenbasis nach Landesreisekostengesetz abrechnen?,Universitäten und Forschungseinrichtungen dürfen nach Landesreisekostengesetz abrechnen.
Dürfen die Geräte abgeschrieben werden?,"Antrag auf Kostenbasis Abschreibungen für vorhabenspezifische Anlagen, die gesondert für das Vorhaben angeschafft oder hergestellt werden und nicht zur betriebsüblichen Grundausstattung gehören …"
Dürfen die Kosten/Ausgaben für Stellenausschreibungen abgerechnet werden?,Diese Kosten/Ausgaben sind grundsätzlich nicht förderbar. Hochschulen können hierfür die Projektpauschale nutzen. Bei Unternehmen der gewerblichen Wirtschaft sind solche Kosten in den Gemeinkosten …
Dürfen die Vorhabenbeschreibungen in Englisch verfasst werden?,"Vorhabenbeschreibungen sind in deutscher Sprache zu verfassen. Ausnahmen können Projekte bilden, die im Rahmen einer europäischen Maßnahme durchgeführt werden. Nähere Informationen zu den …"
"Dürfen Kosten für Veranstaltungen, Schulungen oder Seminare abgerechnet werden?","Kosten oder Ausgaben für Veranstaltungen, Schulungen oder Seminare sind mit dem Antrag zu beantragen. Wurden diese bewilligt, können sie abgerechnet werden. Ob Kosten oder Ausgaben für Veranstaltungen …"
Dürfen Zinsen aus der Projektpauschale gezahlt werden?,Hochschulen können für Forschungsvorhaben ergänzend zu dem Zuschuss zu den zuwendungsfähigen Ausgaben eine Projektpauschale in Höhe von 20 % der Zuwendung pauschal erhalten. Die Projektpauschale soll …
Gibt es Beleglisten in profi-online?,In profi-Online sind keine Vorlagen für Beleglisten verfügbar. Sie können die Beleglisten aus dem Forularschrank des Bundes nutzen.
Gibt es ein Formular für Inventarliste?,Es gibt keinen Vordruck für die Inventarisierungsliste. Sie können selber eine Liste erstellen. Gerne können Sie die Belegliste auch entsprechend erweitern. Wichtig dabei ist die Zuordnung der …
Gibt es ein Formular für Zwischenbericht?,"Neben dem Zwischennachweis, müssen Sie das Formular für Zwischenberichte einreichen. Hier finden Sie die richtigen Formulare, je nachdem nach welcher Art Sie Fördermittel beantragen: Antrag auf …"
Gibt es eine finanzielle Obergrenze für Hotelbesuche?,Bei der Obergrenze für Hotelbesuche können Sie sich an das Bundesreisekostengesetz halten.
Gibt es eine jährliche Begrenzung von Zahlungsanforderungen?,Für auf Ausgabenbasis geförderte Vorhaben ist keine Begrenzung der Anzahl der Zahlungsanforderungen (ZA) vorgesehen. Aufgrund der möglichen Schätzung von Ausgaben für die folgenden 6 Wochen erscheint …
Gibt es eine Vorlage für die Geräteliste?,Eine Vorlage für die Geräteliste gibt es nicht. Sie wird auf der Basis der für Ihr Vorhaben bewilligten Geräte durch VDIVDE IT GmbH erstellt und ist eine Anlage zum Zuwendungsbescheid.
Gibt es eine Vorlage für einen Teilantrag?,"Sofern Ihre Skizze im Rahmen des Auswahlverfahrens ausgewählt wurde, erhalten Sie von VDIVDE IT GmbH eine E-Mail mit allen wichtigen Informationen zur Antragstellung. Der Link zu Antragstellung in …"
Gibt es einen Höchstwert für Aufträge?,Es gibt keinen Höchstwert für Aufträge. Jedoch muss das Verhältnis von Eigentätigkeit im Projekt und Fremdleistung in Verhältnis stehen. Ab bestimmten Auftragssummen bei FE-Aufträgen ist auch ein …
Gibt es einen Vordruck für den Sachbericht des Verwendungsnachweises?,"Es gibt keinen Vordruck für Sachberichte. Je nachdem auf welcher Basis Sie Fördermitteln beantragen, verwenden Sie die jeweiligen Sachberichte für AZK und jeweils die Sachberichte für AZA ."
Gibt es im Formularschrank des BMBF einen Vordruck für die Zahlungsanforderung?,Im Fall einer Förderung ist das Tool profi-Online zu nutzen.
In welchen Zyklen können die Gelder abgerufen werden?,"""Antragstellende auf Kostenbasis rechten quartalsweise für das 1. bis 3. Quartal ab. Und zwar immer im Monat danach, d.h. z.B. das 1. Quartal wird im Monat April mit einer Zahlungsanforderung …"
In welcher Höhe werden KMU gefördert?,"Die Förderhöhe für KMU, sowie die Möglichkeit der Berücksichtigung eines KMU Bonus, sind der jeweiligen Förderbekanntmachung zu entnehmen."
In welcher Kategorie des AZA Antrages sollen Geräte eingetragen werden?,Geräte mit einem Anschaffungswert bis 800 Euro werden in der Position 0850 beantragt. Geräte mit einem Anschaffungswert über 800 Euro werden in der Position 0861 beantragt.
In welcher Position darf Software abgerechnet werden?,"Wenn es sich nicht um Lizenzen handelt, sondern die Software angeschafft werden soll, ist entscheidend, ob der Betrag für die Anschaffung unter 800 € liegt. Dann ist sie in der Position 0831 zu planen …"
In welcher Position des Antrages sollen die Ausgaben für Publikationen angesetzt werden?,In der Position 0843 dürfen Sie Kosten und die Ausgaben für Publikationen ansetzen. Ausgaben für Publikationen sind im Antrag in der Position 0841 zu planen und dafür die Bezeichnung Publikationen zu …
In welcher Position können Fortbildungen angesetzt bzw. abgerechnet werden?,Assoziierte Partnern nehmen Aufgaben im Projekt wahr. Diese sind allerdings gegenüber den Fördermittelgeber:innen nicht rechenschaftspflichtig. Der Konsortialvertrag stellt daher eine gute Option dar …
In welcher Position können Fortbildungen angesetzt bzw. abgerechnet werden?,"Fortbildungen sollten unbedingt mit dem Projektträger abgestimmt werden und sind nur förderfähig, wenn ihre Notwendigkeit ausschließlich im bewilligten Projekt begründet ist. Auf Kostenbasis erfolgt …"
Ist bei anteiliger Rückzahlung der bewilligten Fördersumme auch die Anteilige Projektpauschale zurückzuzahlen?,"Gilt nur für die Förderung von Hochschulen: Die Projektpauschale (PP) wird in Höhe von 20 % zu den abgerechneten Ausgaben dazugerechnet. Reduzieren sich die Ausgaben im Projekt nach Prüfung, reduziert …"
Ist der Mietwagen zuwendungsfähig?,Die Kosten oder Ausgaben für die Nutzung von Mietwagen können zuwendungsfähig sein. Die Notwendigkeit ist im Antrag ausführlich zu begründen und die Nutzung muss ausschließlich für Vorhabenzwecke …
Ist der Projektträger beim Personalwechsel zu informieren?,"Grundsätzlich besteht die Möglichkeit, andere Mitarbeitende in das Projekt mit einzubeziehen. Dies kann in der Regel ohne Zustimmung des Zuwendungsgebers geschehen. Voraussetzungen hierfür sind, dass …"
Ist die Frist für Zwischennachweise bindend?,"Wenn nicht anders im Zuwendungsbescheid geregelt, beträgt die Frist für die Abgabe des Zwischennachweises vier Monaten nach Ablauf des Haushaltsjahres, d. h. bis zum 30.04. des Folgejahres (siehe NABF …"
Ist die Projektpauschale in den zentralen Haushalt zu überführen?,"Die Projektpauschale unterstützt die Finanzierung der durch das Forschungsvorhaben verursachten indirekten Projektausgaben (z. B. für Raumnutzung, Energieverbrauch, IT-Infrastruktur …"
Ist die Umwidmung in eine nicht bewilligte Position möglich?,"Die Umwidmung ist in eine nicht bewilligte Position grundsätzlich möglich. Hierfür muss ein entsprechender Umwidmungsantrag gestellt und begründet werden, der durch den Projektträger geprüft und mit …"
Ist eine nachträgliche Korrektur des Zwischennachweises im nächsten Jahr möglich?,"Ein Zwischennachweis kann im Nachhinein zeitnah korrigiert werden. Insbesondere bei Überzahlungen ist darauf zu achten, dass für den Betrag der Überzahlung ggf. Zinsen zu zahlen sind. Zum Ende des …"
Ist Öffentlichkeitsarbeit förderfähig?,Öffentlichkeitsarbeit ist per se nicht förderfähig. Manche Bekanntmachungen haben jedoch öffentlichkeitswirksame Aspekte im Fokus - hier ist bei der Antragstellung der Rahmen und Umfang der …
Kann die Inflationsausgleichsprämie abgerechnet werden?,"Sobald eine tarifvertragliche Regelung zur Auszahlung der Inflationsausgleichsprämie (IAP) den Arbeitgeber rechtlich bindet, ist –vorbehaltlich der konkreten Ausgestaltung dieser Regelung – …"
Kann die letzte Zahlungsanforderung im Kalenderjahr (Abrechnung per 3. Quartal) korrigiert werden?,Die Zahlungsanforderung des 3.Quartals ist die letzte mögliche Abrechnung von Kosten im lfd. Kalenderjahr und kann selber nicht korrigiert werden. Ihr folgt die Abrechnung des gesamten Kalenderjahres …
Kann die pdf-Endfassung eines Antrages auf Zuwendung nachträglich bearbeitet werden?,"Kleine Änderungen, die nicht die beantragte Zuwendung erhöhen, können in Abstimmung mit dem Projektträger handschriftlich in der ausgedruckten Endfassung vermerkt werden. Sollten Änderungen auf …"
Kann die Position 0817 überschritten werden?,"Bei der Position 0817 handelt es sich um eine Personalausgaben-Position. Positionsüberschreitungen sind grundsätzlich möglich. Wird eine Position um bis zu 20 % überzogen, ist kein Antrag auf …"
Kann die Zuwendung seitens des Zuwendungsgebers zurückgenommen werden?,"Es gibt begründete Ausnahmefälle in denen Zuwendungen widerrufen werden, beispielsweise durch die nicht zweckentsprechende Verwendung der Zuwendung. In jedem Fall erfolgt im ersten Schritt eine …"
Kann ein Projekt gekündigt werden?,"Die angefallenen Lohnkosten sind grundsätzlich tatsächlich zu berücksichtigen. Die Bewilligungssumme ändert sich jedoch nicht automatisch, ggf. anfallende Mehrkosten sind durch den Zuwendungsempfänger …"
Kann ich den Antrag auch ohne qualifizierte elektronische Signatur nur digital einreichen?,Das Easy-Online Formular kann auch ohne digitale Signatur ausschließlich digital eingereicht werden. Wählen Sie dazu das TAN Verfahren aus den drei möglichen Einreichungsarten im easy-Online Portal.
Kann ich Teilnahmegebühren abrechnen?,"Wenn Teilnahmegebühren für Kongresse/Messen oder dergleichen bereits im Antrag angegeben und bewilligt wurden, können sie auch entsprechend abgerechnet werden. Sollte die Abstimmung im Antrag noch …"
Kann man einen Antrag auf Mittelweiterleitung an Dritte stellen?,Ein Antrag auf Mittelweiterleitung an Dritte kann grundsätzlich nur zum Zeitpunkt der Antragstellung des Förderprojektes gestellt werden. Dafür werden im Zuwendungsbescheid spezielle Prüfkriterien …
Kann man gesperrte Mittel mit entsprechender Begründung umwidmen lassen?,"Laut Zuwendungsbescheid sind Mittel, die gesperrt worden sind, von einer Umwidmung in andere Positionen ausgeschlossen. Sie sind für die vorgesehene Aktivität zu verwenden. Für eine Entsperrung sind …"
Kann man in einem Förderprojekt auch nur einen Teil seiner Arbeitszeit angeben/anrechnen lassen?,"Für Hochschulen gilt, dass das Projekt im Arbeitsvertrag oder einem Zusatz dazu namentlich erwähnt wird und auch der Umfang der Arbeit im Projekt in Prozent angegeben werden muss, wenn der Einsatz …"
Kann man in Rahmen eines Projekttreffens im Ausland die Kosten erstattet bekommen?,"Dienen Projekttreffen im Ausland dem Erreichen des Vorhabenziels und kann dies begründet werden, weshalb diese im Ausland stattfinden müssen, sind diese förderfähig. (Zuwendungsfähig sind Kosten oder …"
Können auch administrativ im Projekt tätige Mitarbeitende im Projekt abgerechnet werden?,Für das Projekt administrativ tätiges Personal bzw. administrative Tätigkeiten sind grundsätzlich nicht zuwendungsfähig. Diese Tätigkeiten und das entsprechende Personal ist in der Regel bereits …
Können Aufträge (Pos. 0835) sowohl auf Rechnungsbasis als auch im Rahmen eines Honorarvertrages vergeben werden?,"Honorare für Projektleiter und sonstige ständige Bedienstete, sowie hauptberufliche Mitarbeitende des Antragstellers sind nicht zuwendungsfähig. Bei Verträgen mit Honorarvergütung an Externe im Rahmen …"
Können Aufträge (Pos. 0835) sowohl auf Rechnungsbasis als auch im Rahmen eines Honorarvertrages vergeben werden?,"Wenn es sich nicht um Lizenzen handelt, sondern die Software angeschafft werden soll, ist entscheidend, ob der Betrag für die Anschaffung unter 800 € liegt. Dann ist sie in der Position 0831 zu planen …"
Können ausländische Partner/Firmen/Universitäten eingebunden werden?,"Grundsätzlich ist antragsberechtigt, wer zum Zeitpunkt der Auszahlung einer gewährten Zuwendung eine Betriebsstätte oder Niederlassung in Deutschland hat. Details zur Antragsberechtigung sind der …"
Können Belege digital archiviert werden?,"Wenn Sie in Ihrem Haus ausschließlich digital arbeiten und die Originalbelege im Nachhinein vernichten, dann können Belege digital archiviert werden. Wenn dies nicht der Fall ist, dann sind sie noch …"
Können falsch abgerechnete Kosten mit der folgenden Abrechnung korrigiert werden?,In jeder Zahlungsanforderung (ZA) des Kalenderjahres sind immer die kumulativ angefallenen Kosten vom 01.01. bis zum Abrechnungszeitraum einzutragen. Durch die Kumulierung der Kosten werden …
Können in einem Projekt Mitarbeitende auch in anderen Projekten mitarbeiten und abgerechnet werden?,Eine in einem Projekt mitarbeitende Person an einer Hochschule kann auch in einem anderen Förderprojekt mitarbeiten. Das muss eindeutig und nachvollziehbar im Arbeitsvertrag ersichtlich sein. Die …
Können mehrere Personen Rechte für die Nutzerverwaltung in profi-online erhalten?,Es können mehrere Personen eines Zuwendungsempfängers das Recht zur Benutzerverwaltung inne haben. Mindestens eine Person muss als Benutzerverwalter:in eingerichtet sein.
Können Mittelumwidmungen auch selbst durch den Zuwendungsempfänger in profi-Online durchgeführt werden?,Sie können über profi-Online über die Haushaltsdaten lediglich einen Antrag auf Mittelumwidmung beim Projektträger uns einreichen. Nach schriftlichem Eingang des unterzeichnetem …
Können Personalkosten untereinander umgewidmet werden?,"Von Personalkosten spricht man, wenn es sich um eine Zuwendung auf Kostenbasis (AZK) handelt. Die Personalkosten werden in der Kostenposition 0837 (Personalkosten) abgerechnet. Dies bedeutet, dass …"
Können Rechnungen unter 800 € zu einem bereits bestehenden inventarisierten Gerät gebucht werden?,"Wenn die neue Komponente (unter 800€) mit dem inventarisierten Gegenstand fest verbunden wird und somit ein Teil des inventarisierten Gegenstandes wird, kann die Rechnung in der Position 0850 mit …"
Mit welchem Stundensatz kann abgerechnet werden?,Es sind stets die Ist-Kosten anzusetzen. Im Antrag geplante Stundensätze dienen nur der Vorkalkulation und können dementsprechend bei der Abrechnung in einem gewissen Rahmen abweichen.
Muss bei der Beantragung zwingend eine Teilvorhabensbeschreibung mitgesendet werden?,"Ausnahmen sind möglich. Bei Einzelvorhaben und sehr kleinen Verbünden kann auf eine gesonderte TVB verzichtet werden, wenn eine sehr ausführliche und vollständige Gesamtvorhabensbeschreibung …"
Muss der Projektkoordinator die Reisekosten der assoziierten Partner finanzieren oder jemand Anderes?,Für assoziierte Partner:innen werden keine Reisekosten/-ausgaben übernommen. Diese haben die assoziierten Partner:innen selber zu tragen.
Muss die Belegliste mit dem Verwendungsnachweis mitgeliefert werden?,Die Belegliste ist als Anlage zum zahlenmäßigen Verwendungsnachweis mit dem Verwendungsnachweis einzureichen. Hier finden Sie den Vordruck für die Belegliste .
Muss die Mitarbeit am Projekt arbeitsvertraglich geregelt sein?,Bei einer Ausgabenförderung muss die Mitarbeit im Projekt direkt im Arbeitsvertrag ausgewiesen werden oder wurde durch einen entsprechenden Zusatz zum Arbeitsvertrag ergänzt. Auch eine ggf. anteilige …
Muss die Projektskizze zwingend unterschrieben sein?,Die Projektskizze ist kein formaler Förderantrag und nicht mit einer rechtsverbindlichen Unterschrift zu versehen. Die Skizzen sind in digitaler Form über das Online-Skizzentool easy-Online für die …
Muss eine Begründung für die Mittelverschiebung angegeben werden?,"Eine kurze Begründung zu einer notwendigen Mittelverschiebung kann innerhalb des Bemerkungsfelds des Zahlungsanforderungsformulars eingefügt werden, ist jedoch nicht zwingend erforderlich."
Muss für jede Ausgabe/Kosten eine Rechnung und ein Zahlungsbeleg vorhanden sein?,"Alle Ausgaben sind in den Beleglisten zu erfassen. Zu allen Ausgaben muss eine Rechnung existieren und ein Zahlungsbeleg verfügbar sein. Ausgaben für eine Reise (Flug, Übernachtung, Tagegeld) können …"
Muss jeder Verbundpartner alle drei Teile des Sachberichts  erstellen?,Jeder Verbundpartner hat einen voll- und eigenständigen Sachbericht mit allen Anlagen zu erstellen.
Müssen die Antragsteller:innen in Deutschland ansässig sein?,Der Kreis der Antragsberechtigten wird in den jeweiligen Förderrichtlinien festgelegt. Je nach Vorhaben und Förderrichtlinie können die Bedingungen unterschiedlich ausfallen. Zum Teil wird für die …
Müssen die Teilnehmenden eines Verbundprojekts eine Kooperationsvereinbarung vorlegen?,"Einzelheiten der Zusammenarbeit regeln die Partner:innen durch eine schriftliche Kooperationsvereinbarung, für die kein Vertragsmuster vorgegeben ist. Aus dieser muss ersichtlich sein, dass kein …"
Müssen nur die Produktiv-Arbeitsstunden pro Kalendertag oder auch die Uhrzeiten erfasst werden?,Die Angabe von Uhrzeiten ist nicht notwendig. Bitte erfassen Sie nur die Anzahl der im Projekt geleisteten Stunden.
Nach welcher Abrechnungsart muss ich meinen Antrag machen: nach LSP oder pauschalierte Abrechnung?,Derzeit ist die Beantragung der pauschalierten Abrechnung nur mit Einschränkungen möglich. Die bisher gemäß NKBF2017 gewährte Pauschale ist bei Neubewilligung aufgrund einer AGVO-Änderung nicht mehr …
Sind Abweichungen der Entgeltgruppen erlaubt?,Abweichungen der Entgeltgruppen sind nicht erlaubt. Es sind die gültigen tariflich abgestimmten Sätze anzuwenden.
Sind Ausgaben/Kosten für die Antragstellung förderfähig?,"Ausgaben/Kosten, die durch den Prozess der Antragstellung verursacht werden, liegen zeitlich vor dem Laufzeitbeginn des Vorhabens und sind daher nicht zuwendungsfähig."
Sind Brutto- oder Nettokosten zu beantragen und abzurechnen?,"Beträge sind inkl. der MwSt. anzusetzen und auch abzurechnen, wenn der Zuwendungsempfänger/ die Zuwendungsempfängerin nicht zum Vorsteuerabzug berechtigt ist. Wenn eine Vorsteuerabzugsberechtigung …"
Sind Kosten für die Einrichtung und Nutzung der qualifizierten Signatur förderfähig?,Die Kosten für Einrichtung und Nutzung von qualifizierter Signatur sind nicht förderfähig.
Sind mit dem Verwendungsnachweis auch Arbeitsverträge der im Projekt Mitarbeitenden einzureichen?,Für den Nachweis der arbeitsvertraglich geregelten Mitarbeit im Projekt kann bei einer vertieften Prüfung des Verwendungsnachweises auch die Vorlage von Arbeitsverträgen notwendig sein. Sie werden in …
Sind Mittel für Websites/Social Media förderfähig?,"Die Bewilligung von Ausgaben/Kosten für Websites (z. B. mit Blog) zur Information der Öffentlichkeit und zur Kommunikation ist prinzipiell möglich (Wissenschaftskommunikation), solange dies nicht der …"
Sind Publikationskosten förderfähig?,"Kosten für Publikationen, die für die Zielerreichung des Projekts notwendig sind, sind förderfähig."
Sind Sachbezüge in Form von Mitarbeitergutscheinen förderfähig?,Sachbezüge sind grundsätzlich nicht Bestandteil einer Tarifvereinbarung. Daher sind solche Leisungen an die Mitarbeiter nicht zuwendungsfähig.
Soll das Ersatzpersonal für nicht förderfähiges haushaltsfinanziertes Personal in der Belegliste namentlich aufgeführt werden?,"In der Belegliste soll kenntlich gemacht werden, wenn es sich bei dem abgerechneten Personal um Ersatzpersonal für nicht förderfähiges haushaltsfinanziertes Personal handelt. Der Ansatz darf die …"
Soll man die Anzahl der Beschäftigte als Vollzeitäquivalente angeben?,Bei der Prüfung zum KMU Status wird die Anzahl der Beschäftigten in Bezug auf Vollzeitäquivalente betrachtet. Zwei Personen mit 50% Stellen sind als ein Beschäftigter anzugeben.
Soll man die Anzahl der Beschäftigte als Vollzeitäquvalente angeben?,Allen gemeinnützigen Vereinen und Organisationen ist es gestattet Fördergelder zu beantragen.
Sollen die Brutto- oder Nettobeträge in die Beleglisten eingetragen werden?,Je nach Vorlage einer Vorsteuerabzugsberechtigung sind die Nettowerte (berechtigt zum Vorsteuerabzug) oder Bruttowerte (nicht berechtigt zum Vorsteuerabzug) einzutragen. Ebenfalls sind Skonti und …
Sollte die Projektleitung einen profi-Online Zugang erhalten?,"Ob die Projektleitenden einen Zugang zu profi-Online erhalten sollen, ist eine interne Angelegenheit des Zuwendungsempfängers. Sofern die Projektleitenden selbst Zahlungsanforderungen …"
Unter welchen Umständen kann ich mit Partnern aus dem europäischen Ausland zusammen arbeiten?,"Es muss nachgewiesen werden, dass die ausländischen Kooperationspartner:innen einen unersetzlichen Mehrwert für das Projekt bieten, welcher von keinem Partner im europäischen Ausland zu leisten ist."
Verfallen nicht ausgegebene bewilligte Mitteln für das Haushaltsjahr?,Die kassenmäßige Inanspruchnahme der Zuwendungsmittel ist zunächst entsprechend den im Bescheid genannten Jahresscheiben vorgesehen. Sollte der tatsächliche Mittelbedarf von dieser vorläufigen Planung …
Wann beginnt ein Vorhaben?,Der mögliche Start (Laufzeitbeginn) eines Fördervorhabens ist ggf. mit den Verbundpartnern und mit dem Projektträger abzustimmen. Alle Bestellvorgänge und Arbeiten im Rahmen des Projektes dürfen erst …
Wann erfolgt die Auszahlung der Jahressonderzahlung?,"Personalausgaben, die durch öffentliche Haushalte gedeckt sind, dürfen nicht über das Projekt beantragt/abgerechnet werden."
Wann kann die erste Zahlungsanforderung im neuen Kalenderjahr gestellt werden?,"Für Förderprojekte, die auf Ausgabenbasis gefördert werden und Schätzausgaben für die nächsten 6 Wochen abrechnen dürfen, kann bereits im Januar die erste Zahlungsanforderung (ZA) eingereicht werden …"
Wann können erhöhte Personalkosten angesetzt werden?,"Die Position Personalkosten bzw. Personalausgaben kann eigenverantwortlich bis zu 20% der bewilligten Höhe überschritten werden, sofern in anderen Position der entsprechende Betrag eingespart wird …"
Wann sind Aufstockungen möglich?,"Aufstockungen der Zuwendung sind grundsätzlich nur für zusätzliche Arbeiten, die für das Projekt notwendig geworden sind, möglich. Bei Bedarf sprechen Sie bitte Ihren zuständigen fachlichen Beratenden …"
Wann sind die Jahressonderzahlungen anteilig abrechenbar?,Die Jahressonderzahlung kann nur entsprechend dem Verursachungsanteil im Bewilligungszeitraum des geförderten Vorhabens (x/12; sog. Zwölftel-Regelung) und sofern die Auszahlung spätestens bis zur …
Wann soll der Finanzierungsplan eingereicht werden?,Eine erste Abschätzung der für ein Vorhaben anfallenden Kosten bzw. Ausgaben ist dem Projektkoordinator für die Einreichung der Skizze zur Verfügung zu stellen. Die detaillierte Kalkulation der …
"Wann und wie erfahren die Zuwendungsempfänger, dass die Mittelverschiebung genehmigt wurde?",Mittelverschiebungen sind vom Zuwendungsempfänger zu beantragen. Bei einem Mehrbedarf im Kalenderjahr kann das auch über eine Zahlungsanforderung geschehen. Die Änderungen in der jährlichen …
Wann werden Brutto- oder Nettoausgaben im Projekt anerkannt?,"Ob Brutto- und Nettoausgaben beantragt bzw. abgerechnet werden können, hängt davon ab, ob der/die Zuwendungsempfänger:in vorsteuerabzugsberechtigt ist oder nicht. Wenn eine Vorsteuerabzugsberechtigung …"
Warum ist die Erstellung einer Zahlungsanforderung trotz eines existierenden profi-Online Zugangs nicht möglich?,Beim Abrufverfahren ist ein profi-Online Zugriff allein nicht ausreichend. Zusätzlich dazu muss der Nutzer/ die Nutzerin die Rolle „profi-Online-Benutzerverwaltung“ beantragen und dafür freigeschaltet …
Warum wird der Verwendungsnachweis von einer dritten Firma geprüft?,"Die FILINA Innovation + Technik GmbH ist eine Tochterfirma der VDI/VDE Innovation + Technik GmbH. Um die Prüfung von Verwendungsnachweisen schnellstmöglich durchführen zu können, unterstützt die …"
Warum wurden die Mittel für das Projekt nicht entsprechend des geplanten Mittelbedarfs festgelegt?,"Im Erstbescheid ist eine jährliche Bereitstellung der Mittel entsprechend des Antrags aus haushaltstechnischen Gründen häufig nicht möglich. In jedem Jahr wird allerdings mehrmals geprüft, ob die …"
Was bedeutet pauschalierte Abrechnung?,"Die pauschalierte Abrechnung ist eine Abrechnung auf Kostenbasis. Voraussetzung ist, dass der Zuwendungsempfänger auf Kostenbasis gefördert werden kann. Sie stellt eine Möglichkeit dar, die Abrechnung …"
Was ist der Unterschied zwischen Antragsteller:innen und Vertragspartner:innen?,Der Antragstellenden werden nach erfolgreicher Prüfung des Antrages zu Zuwendungsempfänge:innen. Die Vertragspartner:innen sind beispielsweise ein(e) Unterauftragnehmer:in des Antragstellers (der …
Was ist die AGVO?,"Die Allgemeine Gruppenfreistellungsverordnung (AGVO) regelt, dass bestimmte staatliche Fördermaßnahmen von den Mitgliedstaaten ohne weitere Genehmigung durch die Europäische Kommission umgesetzt …"
Was ist die maximale Zuwendung für KMU Innovativ?,"Sollte die Höhe der Zuwendung beschränkt sein, ist dies der Förderbekanntmachung zu entnehmen. Ist hier keine Einschränkung zu finden, werden die Anträge rein nach Ihrer Qualität bewertet."
Was ist ein Sachbericht?,"Ein Sachbericht ist ein Kurzbericht (ca. zwei Seiten DIN A4), welcher in allgemeinverständlicher Form das Ziel, den Inhalt, das Ergebnis und die Aussagen zum konkreten Nutzen bzw …"
Was ist ein Verwendungsnachweis?,Gemäß den Nebenbestimmungen ist die Verwendung der Zuwendung i.d.R. innerhalb von sechs Monaten nach dem Ende des Bewilligungszeitraums nachzuweisen. Dafür ist ein Verwendungsnachweis (VN) …
Was ist eine N.N. Stelle?,"Werden Anträge auf Ausgabenbasis gestellt, ist im Antrag anzugeben, ob das beantragte Personal namentlich bekannt ist oder namentlich noch nicht bekannt ist. Um namentlich nicht bekanntes Personal (N …"
"Was kann in der Zahlungsanforderung zum 3. Quartal abgerechnet werden, wenn nicht alle Daten für den Abrechnungszeitraum verfügbar sind?","Sie können nur das abrechnen, was Ihnen als Abrechnungen bzw. an Rechnungsunterlagen zur Verfügung stehen. Dabei ist der 15.10. das Einreichungsdatum. Es darf also nur das abgerechnet werden, was auch …"
Was passiert bei fehlerhafter Abrechnung seitens des Ast?,Im Falle einer fehlerhaften Abrechnung (z.B. Abrechnung in einer falschen Position) kontaktieren Sie bitte umgehend Ihre/n zuständige/n Betreuer/in.
Was passiert bei überhöhter Mittelanforderung?,"Eine Mittelanforderung, die den tatsächlichen Mittelbedarf in dem entsprechenden Jahr übersteigt, führt zu einem positiven Kassenbestand im Zwischennachweis. In einem solchen Fall ist zu prüfen, ob …"
Was passiert mit bewilligten und angeschafften Gegenständen nach dem Projektende?,"Nach Ablauf des Bewilligungszeitraums kann über die Gegenstände, die mit Hilfe der Zuwendung erworben oder hergestellt werden wie folgt verfahren werden: deren Wert 800 € im Einzelfall (Pos. 0831 des …"
"Was passiert mit den Fördermitteln, die im aktuellen Kalenderjahr nicht abgerufen worden sind bzw. wenn ein Mehrbedarf besteht?","In der Regel besteht die Möglichkeit, nicht benötigte Mittel in die Folgejahre zu verschieben. Dafür ist eine zeitnahe Mitteilung an den Projektträger erforderlich. Ein Mehr- oder Minderbedarf an …"
"Was passiert mit Mitteln, die nicht abgerufen oder ausgegeben werden?","Sie können über Easy-Online in den Haushaltsdaten einen Antrag auf Mittelumwidmung stellen. Der ist soll ausreichend zu begründen werden. Wird dem Antrag zugestimmt, erhalten Sie einen …"
"Was passiert, wenn die Kosten/Ausgaben beim Mittelabruf in der falschen Kategorie abgerechnet wurden?","Im Laufe des Projektes aufgetretene Fehler in der Zuordnung können mit den Zwischennachweisen und spätestens mit dem Verwendungsnachweis noch korrigiert werden, da hier alle Kosten/Ausgaben des …"
"Was passiert, wenn ich keinen Kooperationsvertrag bei der Antragstellung einreichen kann?",Die Zusammenarbeit in einem Verbundprojekt regeln die Partner:innen in einer schriftliche Kooperationsvereinbarung. Wenn die Vereinbarung zum Zeitpunkt der Antragstellung noch nicht geschlossen wurde …
"Was passiert, wenn mein Vorhaben nicht zur Fördermaßnahme passt?","Die Antragsteller:innen haben im Vorfeld die Möglichkeit, die Förderberatung des Bundes in Anspruch zu nehmen. E-Mail: beratung@foerderinfo.bund.de Internet: www.foerderinfo.bund.de Gebührenfreie …"
Was sind Gemeinkosten?,"Als Gemeinkosten werden Kosten bezeichnet, die sich im Unternehmen nicht einem bestimmten Kostenträger bzw. einer Kostenstelle zuordnen lassen. Der Gegenbegriff zu den Gemeinkosten sind die …"
Was sind Personenmonate?,"Ein Personenmonat ist die durchschnittliche produktive Arbeitszeit in Stunden, die von einer Person in einem Kalendermonat erbracht wird (ausgehend von einer Vollzeitstelle unter Berücksichtigung von …"
Was soll der Inhalt meiner Unterlagen sein?,In der Vorhabenbeschreibung müssen alle relevanten Informationen enthalten sein. Diese beinhaltet eine ausführliche Darstellung des Projektinhalts mit Begründung und Beschreibung der Zielstellung des …
Was steckt hinter dem Begriff „Computerhardware“?,"Der Begriff „Computerhardware“ umfasst Computer, Desktop-Computer, Notebook-Computer, Desktop-Thin-Clients, Workstations, Dockingstations, externe Speicher- und Datenverarbeitungsgeräte (Small-Scale …"
Welche anderen Dokumente können (ggf. alternativ zum Arbeitsvertrag) die Personalkosten belegen?,"Für die Vorlage des Verwendungsnachweises sind die mit einzureichenden Beleglisten ausreichend. Im Fall einer vertieften Prüfung sind weitere, die Personalausgaben betreffende Nachweise vorzulegen …"
Welche Ausgaben bzw. Kosten können beantragt werden?,"Welche Kostenkategorien für Beihilfen an Unternehmen beantragt werden können, richtet sich nach den in der jeweiligen im Bundesanzeiger veröffentlichten Bekanntmachung zugelassenen Artikeln der …"
Welche Dienstreisen dürfen abgerechnet werden?,"Grundsätzlich sind nur projektbezogene Reisen von im Projekt in den Personalausgaben abgerechneten Mitarbeitenden zuwendungsfähig. Ausnahmen sind projektbezogene Reisen, die von im Projekt …"
Welche Dokumente werden zum Projektabschluss benötigt?,"Auf der folgenden Seiten finden Sie alle Informationen und benötigten Unterlagen für den Projektabschluss. Sollten Sie Ihre Anträge auf Kostenbasis stellen, hier geht es zu Verwendungsnachweise auf …"
Welche Förderquoten sind für Zuwendungsempfänger:innen möglich?,Die maximal mögliche Höhe der Förderquote wird in der Regel in der jeweiligen Förderrichtlinie bekannt gegeben. Die Höhe liegt im förderpolitischen Ermessen des zuständigen Fachministeriums. Maßgebend …
Welche Inhalte sollen im Kooperationsvertrag enthalten sein?,"Im Formularschrank des Bundes ist ein ""Merkblatt für Antragsteller/Zuwendungsempfänger zur Zusammenarbeit der Partner von Verbundprojekten"" verfügbar mit Hinweisen zum Kooperationsvertrag. Eine …"
Welche Kosten/Ausgaben können bei der Inflationsausgeichsprämie abgerechnet werden?,"Sobald eine tarifvertragliche Regelung zur Auszahlung der Inflationsausgleichsprämie (IAP) den Arbeitgeber rechtlich bindet, ist –vorbehaltlich der konkreten Ausgestaltung dieser Regelung – …"
Welche Laufzeit hat ein Förderprojekt?,"Die Laufzeit ist der Leistungszeitraum, in dem ein Förderprojekt durchgeführt wird und entspricht dem Bewilligungszeitraum. Die Länge der Laufzeit ergibt sich u.a. aus dem Arbeitsplan des Projekts und …"
Welche Nebenbestimmungen und Richtlinien gelten?,"Die geltenden Richtlinien und Nebenbestimmungen sind der im Bundesanzeiger veröffentlichten Förderrichtlinie zu entnehmen. Das BMBF fördert grundsätzlich nach den ""Nebenbestimmungen für Zuwendungen …"
Welche Personalausgaben sind förderfähig und können in der Vorkalkulation beantragt werden?,"Ausgabenförderung Nur tariflich bzw. arbeitsvertraglich festgeschriebene Gehälter sind bei der Antragstellung anzusetzen. Wenn das Personal noch nicht bekannt ist, sind die Obergrenze für NN-Personal …"
Welche Projektbeteiligten dürfen Reisekosten abrechnen?,"In Vorhaben, die auf Kostenbasis abrechnen, sind nur für im Projekt beteiligte und in den Personalkosten abgerechnete Mitarbeitende projektbezogene Reisen abrechenbar. In Vorhaben auf Ausgabenbasis …"
Welche Reisen können im Projekt abgerechnet werden?,"Ausgaben/Kosten für Reisen, die in unmittelbarem Projektkontext stehen und für das Vorhaben erforderlich sind, können als förderfähige Ausgaben/Kosten geltend gemacht werden. Bei Anträgen von …"
Welche Unterlagen muss ich einreichen?,"Welches Formular für Sie das richtige ist, teilt Ihnen der Projektträger mit der Aufforderung zur Antragstellung mit. Folgende Unterlagen sind im Rahmen der Antragstellung einzureichen: Antrag mit …"
Welche Verordnung gilt bei der Reisekostenabrechnung?,"Bitte richten Sie sich nach dem Bundesreisekostengesetz, wenn Sie nach Reisekostenabrechnung suchen."
Welchen Umfang soll/darf die Vorhabenbeschreibung haben?,Der Umfang richtet sich nach Ihrem Vorhaben. Bitte verwenden Sie diese Vorlage .
Welcher Gemeinkostenzuschlag ist bei der pauschalierten Abrechnung erlaubt?,Derzeit ist die Beantragung der pauschalierten Abrechnung nur mit Einschränkungen möglich. Die bisher gemäß NKBF2017 gewährte Pauschale ist bei Neubewilligung aufgrund einer AGVO-Änderung nicht mehr …
Welcher TVöD Satz beim Besserstellungsverbot ist bei der Abrechnung zu berücksichtigen?,"Wenn die Gesamtausgaben des Zuwendungsempfängers überwiegend aus Zuwendungen der öffentlichen Hand bestritten werden, darf er seine Beschäftigten nicht besser stellen als vergleichbare …"
Wer erhält die Projektpauschale?,Hochschulen (staatliche und nicht staatliche) und Universitätskliniken (unabhängig von der Rechtsform) können für Forschungsvorhaben ergänzend zu dem Zuschuss zu den zuwendungsfähigen Ausgaben …
Wer kann rechtsverbindlich unterschreiben?,"Bitte erfragen Sie intern, welche Personen Ihres Unternehmens/ Ihrer Hochschule eine rechtsverbindliche Unterschrift leisten können. Für Unternehmen: Sie finden die Angaben im Handelsregisterauszug …"
Wer legt die Obergrenze für die Personalkosten fest?,Die voraussichtlichen Personalausgaben (ausgenommen Zuwendungen an Unternehmen der gewerblichen Wirtschaft) sind von den Antragstellern grundsätzlich individuell und bedarfsgerecht zu ermitteln. Für …
"Wer schaltet die Zugänge für ""profi-Online"" frei?",Der Antrag auf profi-online ist der VDIVDE IT GmbH zuzusenden. Die für Ihr Vorhaben zuständigen Mitarbeitenden schaltet diesen dann frei.
Wie ausführlich ist ein Verwendungsnachweis?,Der Antragsteller wird nach erfolgreicher Prüfung des Antrages zum Zuwendungsempfänger. Ein Vertragspartner ist beispielsweise ein Unterauftragnehmer des Antragstellers (des zukünftigen …
Wie benachrichtige ich den Projektträger bei einem verzögerten Projektstart?,"Sollte es im Vorhaben zu Verzögerungen nach Projektstart kommen, sollten Sie dies dem Betreuungsteam beim Projektträger per E-Mail mitteilen. Eventuelle Verzögerungen und daraus folgende Konsequenzen …"
Wie erfolgt eine Laufzeitverlängerung?,vor ursprünglichem Laufzeitende zu beantragen und zu begründen. Bei Zustimmung des PT erfolgt Freigabe durch Änderungsbescheid. Bei Laufzeitverlängerungen länger als 3 Monate ist zusätzlich eine …
Wie geht man bei einem frühzeitigen Projektaustritt um?,Ein vorzeitiger Projektaustritt ist rechtzeitig den Verbundpartnern und dem Projektträger mitzuteilen. Das weitere Vorgehen muss dann gemeinsam besprochen werden.
"Wie geht man vor, wenn es zu Mehr- oder auch Minderkosten im Vergleich zur Vorkalkulation kommt?",Mehr- oder Minderbedarfe im Vergleich zur bewilligten Vorkalkulation/Gesamtfinanzierungsplan in den einzelnen Positionen können eigenverantwortlich bis zu einer Höhe von 20% gemanagt werden. Die …
Wie hoch darf eine leistungsbezogene Zulage sein?,"Nur Zulagen, die im Tarifvertrag vereinbart sind, und natürlich auch gezahlt werden, können beantragt und auch abgerechnet werden."
Wie hoch dürfen die Kosten/Ausgaben für FuE-Unteraufträge sein?,"Die Ausgaben/Kosten für FuE-Unteraufträge sollten nicht höher sein, als die Aufwendungen für die eigenen FuE-Aktivitäten in den Personalausgaben/kosten."
Wie hoch sind die Gemeinkosten anzusetzen in einer AZK Abrechnung?,"Die Gemeinkosten bei der Abrechnung nach PreisLS sind sachgerecht von jedem Zuwendungsempfänger zu ermitteln. Bitte schauen Sie sich hierzu die NKBF2017 Nr. 2.2.1 in Verbindung mit den ""Leitsätzen für …"
Wie kann die Bonität nachgewiesen werden?,"Zweck einer Bonitätsprüfung ist es, vor Gewährung von Zuwendungen sicherzustellen, dass der Antragsteller in der Lage ist, den notwendigen Eigenanteil an der Finanzierung des geplanten Projektes …"
Wie kann ein Förderprojekt frühzeitig beendet werden?,"Sollten die Arbeiten in einem Teilvorhaben bereits erfolgreich abgeschlossen sein bevor die Laufzeit endet, kann in begründeten Ausnahmefällen ein Antrag auf Laufzeitänderung eingereicht werden. Eine …"
Wie kann eine später stattfindende Tariferhöhung im Projekt finanziert werden?,Bei der Antragstellung für eine Projektförderung können nur tariflich festgeschriebene Gehaltssteigerungen für die Folgejahre anerkannt werden. Wenn sich ein Mehrbedarf an Personalausgaben aufgrund …
Wie kann ich einen Antrag zurückziehen?,Die Rücknahme eines Antrags ist schriftlich zu stellen und bedarf einer rechtsverbindlichen Unterschrift (Papierform) bzw. einer qualifizierten digitalen Signatur (elektronisch).
Wie kann ich Personen im laufenden Projekt austauschen?,"Während der Projektlaufzeit kann es notwendig sein, dass am Projekt beteiligte Mitarbeitende ausgetauscht werden müssen. Für Fördervorhaben auf Ausgabenbasis gilt: Findet der Austausch innerhalb einer …"
Wie können Mittel von einer Ausgaben- bzw. Kostenposition in eine andere Ausgaben- bzw. Kostenposition umgewidmet werden?,"Um Ausgaben- bzw. Kostenpositionen dem aktuellen Bedarf anzupassen, kann es notwendig sein, dass eine Mittelumwidmung notwendig wird. Eine Mittelumwidmung ist zuwendungsneutral. Dies bedeutet, dass …"
Wie können Mittel von einer Position in eine andere verschoben werden - Mittelumwidmung?,"Sie können über Easy-Online in den Haushaltsdaten einen Antrag auf Mittelumwidmung stellen. Der ist soll ausreichend zu begründen werden. Wird dem Antrag zugestimmt, erhalten Sie einen …"
Wie läuft ein Projektabschluss ab?,Nach Laufzeitende eines Förderprojektes haben die Zuwendungsempfänger:innen innerhalb von sechs Monaten nach Laufzeitende einen Verwendungsnachweis über die gesamte Projektlaufzeit zu erstellen und …
Wie müssen die im Projekt auftretenden Änderungen mitgeteilt werden?,"Wesentliche Änderungen, wie beispielsweise Überschreitung einer Ausgabenposition um mehr als 20%, Mehr- oder Minderbedarfe an Zuwendungsmitteln im aktuellen Haushaltsjahr oder wesentliche Änderungen …"
Wie schicke ich die Formulare ab?,"Der Antrag ist grundsätzlich postalisch, durch persönliche Übergabe oder per Boten einzureichen. Die Schriftform kann auch durch die elektronische Form ersetzt werden, sofern: die elektronischen …"
Wie sind die Jahresarbeitsstunden für Teilzeitbeschäftigte zu berechnen?,"Bei Förderung auf Kostenbasis, pauschalierte Abrechnung, sind die Wochenarbeitsstunden mit 52 Wochen (im Jahr) zu multiplizieren um die theoretisch möglichen Jahresarbeitsstunden für …"
Wie soll die Vorhabenbeschreibung gegliedert werden?,"Die Vorhabensbeschreibung ist Bestandteil des Antrags. Sie ist notwendig, damit das BMBF prüfen kann, ob das Vorhaben förderwürdig ist und an seiner Durchführung ein erhebliches Bundesinteresse …"
Wie sollte ich im Antrag zitieren?,Es gibt keine Vorgaben zur Zitierweise. Für den Antrag sollte auf eine einheitliche Zitierweise geachtet werden.
"Wie teile ich dem Projektträger mit, dass die für das laufende Kalenderjahr bereitgestellte Zuwendungen nicht abgerufen werden kann?","Wenn Sie einschätzen, dass die für das laufende Kalenderjahr bereitgestellte Zuwendung nicht im vollen Umfang benötigt wird, teilen Sie das bitte umgehend den für Ihr Vorhaben zuständigen Bearbeitern …"
Wie viele Partner sind für ein Förderprojekt erlaubt?,"Sollte es eine Beschränkung für die Anzahl der Verbundpartner geben, ist diese in der Förderrichtline zu finden."
Wie werden KMU definiert?,"Nach der Definition der Europäischen Kommission (KOM) sind kleine und mittlere Unternehmen (KMU) solche, die weniger als 250 Personen beschäftigen und die entweder einen Jahresumsatz von höchstens 50 …"
Wie wird der Zeitnachweis für das Personal geführt?,Für Hochschulen und andere grundfinanzierte Einrichtungen ist der Umfang der Mitarbeit im Projekt direkt im Arbeitsvertrag auszuweisen oder durch einen entsprechenden Zusatz zu ergänzen. Auf …
Wie wird die Jahressonderzahlung bei Mitarbeiterwechseln ausgewiesen?,"Die Jahressonderzahlung darf nur anteilig für jeden Projektmitarbeiter, entsprechend seine Beteiligung am Projekt, abgerechnet werden. Voraussetzung ist, dass sie gezahlt wurde."
Wie wird über das Ergebnis der Skizzenauswahl informiert?,"Die Skizzeneinreichenden, im Falle von Verbundprojekten der Koordinator, erhalten per E-Mail eine Zusage zur Förderung oder eine Absage zugesandt."
Wird die Energiepauschale abgerechnet?,"Die Energiepauschale darf nicht im Projekt abgerechnet werden. Dem Arbeit-Gebenden entstehen keine Aufwände dafür, da er sie sich vom Finanzamt über die Steuerklärung zurückholen kann."
Wird die Jahressonderzahlung grundsätzlich als separate Position in der Belegliste aufgeführt?,Bitte rechnen Sie die Jahressonderzahlung separat ab.Sie können die Vorlage für die Beleglisten heruntergeladen . In dieser Vorlage befindet sich eine extra Seite für die Abrechnung der …
Wo finde ich das AZAP Formular?,"Das AZAP Formular finden Sie in Easy Online, indem Sie unter verfügbare Formulartypen AZAP auswählen."
Wo finde ich das Formular für den Abschlussbericht?,Für den Sachbericht gibt es kein allgemein gültiges Formular. Man findet Gliederungsverschläge für den Sachbericht in der Anlage der NABF AZA bzw. NKBF 2017AZK oder auch im Formularschrank des Bundes.
Wo finde ich das Formular für den Abschlussbericht?,Für den Sachbericht gibt es kein allgemein gültiges Formular. Man findet Gliederungsverschläge für den Sachbericht in der Anlage der NABF AZA bzw. NKBF 2017 AZK oder auch im Formularschrank des Bundes …
Wo finde ich das Personalkosten-Berechnungstool nkbf2017?,Für die Erfassung der produktiven Stunden und die Berechnung der zuwendungsfähigen Personalkosten können Sie eines der folgenden Tools nutzen: Für Antrag auf Kostenbasis: Personalkosten …
Wo finde ich die Vorlage zur Teilvorhabenbeschreibung?,"Je nachdem auf welcher Basis Sie Fördermitteln beantragen, verwenden Sie die jeweiligen Teilvorhabenbeschreibung für AZK und jeweils die Teilvorhabenbeschreibung für AZA ."
Wo finde ich eine Auflistung geförderter Projekte?,Alle aktuellen von BMBF geförderten Projekten finden Sie auf der offiziellen BMBF Seite .
Wo finde ich Förderhinweise?,Förderhinweise finden Sie im F ormularschrank des Bundes und in den jeweiligen Bekanntmachungen.
Wo findet man das Personalberechnungstool für Antragsteller:innen auf Ausgabenbasis?,Anbei finden Sie den P ersonalberechnungstool für auf Ausgabenbasis geförderte Zuwendungsempfänger:innen.
Wo findet man die Vorlage für die Belegliste?,Die Vorlage für die Belegliste finden Sie im Formularschrank des Bundes. Wir empfehlen Hochschulen folgende Vorlage zur Belegliste zu verwenden. Hier werden Sie bei der Abrechnung der …
Wo im Zuwendungsbescheid befinden sich die Angaben zur Verfahrensart beim Mittelabruf?,"Ob in Ihrem Vorhaben für die Auszahlung der Zuwendung das Abrufverfahren oder das Anforderungsverfahren gilt, können Sie dem Punkt ""Nebenbestimmungen und Hinweise"" im Zuwendungsbescheid entnehmen …"
Wo ist der Formularschrank?,Den Formularschrank finden sie unter der folgenden URL .
Wo kann ich die Unterlagen zum Verwendungsnachweis hochladen?,Der zahlenmäßige Teil des Verwendungsnachweises kann in profi-Online erstellt werden. Die Anlagen dazu und der Sachbericht können über profi-Online mit hochgeladen werden. Große Dateien können Sie uns …
"Wo kann ich einsehen, welche Mittel gesperrt sind?","Im Zuwendungsbescheid werden die Sperren und die Auflagen, die zur Entsperrung zu erfüllen sind, angegeben. Die Sperren werden dann auch in der Vorkalkulation/ im Gesamtfinanzierungsplan sind im …"
Wo reiche ich die erste Stufe des Antrages ein?,Im mehrstufigen Antragsverfahren erfolgt zuerst die Skizzeneinreichung. Den Link dafür entnehmen Sie bitte der entsprechenden Bekanntmachung.
Wo sind Kosten für Miete in einer Zahlungsanweisung einzutragen?,"Wenn Mietausgaben bewilligt wurden, sind diese bei der Abrechnung auf Ausgabenbasis unter der Position 0832 (Mieten) ansatzfähig."
"Wofür darf die Projektpauschale, die Hochschulen erhalten, verwendet werden?",Die Projektpauschale dient zur Teilfinanzierung der durch das jeweilige Forschungsprojekt verursachten indirekten Projektausgaben. Die Verwendung wird durch die Hochschule bestimmt. Ein Nachweis ist …
